ID,Sales person,Team,Picture
1,Barr Faughny,Yummies,https://files.chandoo.org/pbix/img/men-1.jpg
2,Dennison Crosswaite,Yummies,https://files.chandoo.org/pbix/img/men-2.jpg
3,Gunar Cockshoot,Yummies,https://files.chandoo.org/pbix/img/men-3.jpg
4,Wilone O'Kielt,Delish,https://files.chandoo.org/pbix/img/men-4.jpg
5,Gigi Bohling,Delish,https://files.chandoo.org/pbix/img/men-5.jpg
6,Curtice Advani,Delish,https://files.chandoo.org/pbix/img/men-6.jpg
7,Kaine Padly,Delish,https://files.chandoo.org/pbix/img/men-7.jpg
8,Ches Bonnell,,https://files.chandoo.org/pbix/img/men-8.jpg
9,Andria Kimpton,Jucies,https://files.chandoo.org/pbix/img/men-9.jpg
10,Brien Boise,Jucies,https://files.chandoo.org/pbix/img/men-10.jpg
11,Husein Augar,Yummies,https://files.chandoo.org/pbix/img/women-11.jpg
12,Karlen McCaffrey,Yummies,https://files.chandoo.org/pbix/img/women-12.jpg
13,Jan Morforth,Delish,https://files.chandoo.org/pbix/img/women-13.jpg
14,Dotty Strutley,Delish,https://files.chandoo.org/pbix/img/women-14.jpg
15,Kelci Walkden,Yummies,https://files.chandoo.org/pbix/img/women-15.jpg
16,Marney O'Breen,Jucies,https://files.chandoo.org/pbix/img/women-16.jpg
17,Rafaelita Blaksland,,https://files.chandoo.org/pbix/img/women-17.jpg
18,Madelene Upcott,Jucies,https://files.chandoo.org/pbix/img/women-18.jpg
19,Beverie Moffet,Jucies,https://files.chandoo.org/pbix/img/women-19.jpg
20,Oby Sorrel,Jucies,https://files.chandoo.org/pbix/img/women-20.jpg
21,Mallorie Waber,,https://files.chandoo.org/pbix/img/women-21.jpg
22,Jehu Rudeforth,,https://files.chandoo.org/pbix/img/women-22.jpg
23,Van Tuxwell,Yummies,https://files.chandoo.org/pbix/img/men-11.jpg
24,Roddy Speechley,Delish,https://files.chandoo.org/pbix/img/men-12.jpg
25,Camilla Castle,,https://files.chandoo.org/pbix/img/women-23.jpg
